CREATE TABLE employee (
  emp_id INT PRIMARY KEY,
  first_name VARCHAR(40),
  last_name VARCHAR(40),
  birth_day DATE,
  sex VARCHAR(1),
  salary INT,
  super_id INT,
  branch_id INT
);

CREATE TABLE branch (
  branch_id INT PRIMARY KEY,
  branch_name VARCHAR(40),
  mgr_id INT,
  mgr_start_date DATE,
  FOREIGN KEY(mgr_id) REFERENCES employee(emp_id) ON DELETE SET NULL
);

ALTER TABLE employee
ADD FOREIGN KEY(branch_id)
REFERENCES branch(branch_id)
ON DELETE SET NULL;

ALTER TABLE employee
ADD FOREIGN KEY(super_id)
REFERENCES employee(emp_id)
ON DELETE SET NULL;

CREATE TABLE client (
  client_id INT PRIMARY KEY,
  client_name VARCHAR(40),
  branch_id INT,
  FOREIGN KEY(branch_id) REFERENCES branch(branch_id) ON DELETE SET NULL
);

CREATE TABLE works_with (
  emp_id INT,
  client_id INT,
  total_sales INT,
  PRIMARY KEY(emp_id, client_id),
  FOREIGN KEY(emp_id) REFERENCES employee(emp_id) ON DELETE CASCADE,
  FOREIGN KEY(client_id) REFERENCES client(client_id) ON DELETE CASCADE
);

CREATE TABLE branch_supplier (
  branch_id INT,
  supplier_name VARCHAR(40),
  supply_type VARCHAR(40),
  PRIMARY KEY(branch_id, supplier_name),
  FOREIGN KEY(branch_id) REFERENCES branch(branch_id) ON DELETE CASCADE
);

-- Corporate
INSERT INTO employee VALUES(100, 'David', 'Wallace', '1967-11-17', 'M', 250000, NULL, NULL);

INSERT INTO branch VALUES(1, 'Corporate', 100, '2006-02-09');

UPDATE employee
SET branch_id = 1
WHERE emp_id = 100;

INSERT INTO employee VALUES(101, 'Jan', 'Levinson', '1961-05-11', 'F', 110000, 100, 1);

-- Scranton
INSERT INTO employee VALUES(102, 'Michael', 'Scott', '1964-03-15', 'M', 75000, 100, NULL);

INSERT INTO branch VALUES(2, 'Scranton', 102, '1992-04-06');

UPDATE employee
SET branch_id = 2
WHERE emp_id = 102;

INSERT INTO employee VALUES(103, 'Angela', 'Martin', '1971-06-25', 'F', 63000, 102, 2);
INSERT INTO employee VALUES(104, 'Kelly', 'Kapoor', '1980-02-05', 'F', 55000, 102, 2);
INSERT INTO employee VALUES(105, 'Stanley', 'Hudson', '1958-02-19', 'M', 69000, 102, 2);


-- Stamford
INSERT INTO employee VALUES(106, 'Josh', 'Porter', '1969-09-05', 'M', 78000, 100, NULL);

INSERT INTO branch VALUES(3, 'Stamford', 106, '1998-02-13');

UPDATE employee
SET branch_id = 3
WHERE emp_id = 106;

INSERT INTO employee VALUES(107, 'Andy', 'Bernard', '1973-07-22', 'M', 65000, 106, 3);
INSERT INTO employee VALUES(108, 'Jim', 'Halpert', '1978-10-01', 'M', 71000, 106, 3);

-- BRANCH SUPPLIER
INSERT INTO branch_supplier VALUES(2, 'Hammer Mill', 'Paper');
INSERT INTO branch_supplier VALUES(2, 'Uni-ball', 'Writing Utensils');
INSERT INTO branch_supplier VALUES(3, 'Patriot Paper', 'Paper');
INSERT INTO branch_supplier VALUES(2, 'J.T. Forms & Labels', 'Custom Forms');
INSERT INTO branch_supplier VALUES(3, 'Uni-ball', 'Writing Utensils');
INSERT INTO branch_supplier VALUES(3, 'Hammer Mill', 'Paper');
INSERT INTO branch_supplier VALUES(3, 'Stamford Lables', 'Custom Forms');

-- CLIENT
INSERT INTO client VALUES(400, 'Dunmore Highschool', 2);
INSERT INTO client VALUES(401, 'Lackawana Country', 2);
INSERT INTO client VALUES(402, 'FedEx', 3);
INSERT INTO client VALUES(403, 'John Daly Law, LLC', 3);
INSERT INTO client VALUES(404, 'Scranton Whitepages', 2);
INSERT INTO client VALUES(405, 'Times Newspaper', 3);
INSERT INTO client VALUES(406, 'FedEx', 2);

-- WORKS_WITH
INSERT INTO works_with VALUES(105, 400, 55000);
INSERT INTO works_with VALUES(102, 401, 267000);
INSERT INTO works_with VALUES(108, 402, 22500);
INSERT INTO works_with VALUES(107, 403, 5000);
INSERT INTO works_with VALUES(108, 403, 12000);
INSERT INTO works_with VALUES(105, 404, 33000);
INSERT INTO works_with VALUES(107, 405, 26000);
INSERT INTO works_with VALUES(102, 406, 15000);
INSERT INTO works_with VALUES(105, 406, 130000);
--Find all employees
Select Distinct branch_id
from employee;

-- find number of employess 
SELECT SUM(total_sales),client_id
FROM works_with
GROUP bY client_id;

--wildcards

SELECT *
FROM client
WHERE client_name LIKE '%school%';


--unions
SELECT first_name AS Company_names
From employee
UNION
SELECT branch_name
FROM branch;


SELECT salary 
From employee
UNION
SELECT total_sales
FROM works_with;


--Joins
INSERT INTO  branch VALUES(4, 'Buffalo',NULL, NULL);

select * from branch;

SELECT employee.emp_id, employee.first_name, branch.branch_name
FROM employee
RIGHT JOIN branch    
ON employee.emp_id = branch.mgr_id;

--nested queries

SELECT first_name, last_name
FROM employee
WHERE emp_id IN (
    SELECT emp_id
    FROM  works_with 
    WHERE total_sales > 30000
);

SELECT client_name AS managed_by_Michael
FROM client
WHERE branch_id IN (
    SELECT branch_id
    FROM branch
    WHERE mgr_id = 102
);


--triggleS

CREATE TABLE trigger_test(
    message VARCHAR(100)
);

DELIMITER $$
CREATE
    TRIGGER my_trigger BEFORE INSERT
    ON employee
    FOR EACH ROW BEGIN
        INSERT INTO trigger_test VALUES('added new employee');
    END$$
DELIMITER ;

INSERT INTO employee
VALUES(109, 'Oscar', 'Martinez', '1968-02-19', 'M', 69000, 106, 3);

---------------------------------------------------------------------

;


DELIMITER $$
CREATE
    TRIGGER my_trigger1 BEFORE INSERT
    ON employee
    FOR EACH ROW BEGIN
        INSERT INTO trigger_test VALUES(NEW.first_name);
    END$$
DELIMITER ;
INSERT INTO employee
VALUES(110, 'Kevin', 'Malone', '1978-02-19', 'M', 69000, 106, 3);
-----------------------------------------------------------------------

DELIMITER $$
CREATE
    TRIGGER my_trigger2 BEFORE INSERT
    ON employee
    FOR EACH ROW BEGIN
         IF NEW.sex = 'M' THEN
               INSERT INTO trigger_test VALUES('added male employee');
         ELSEIF NEW.sex = 'F' THEN
               INSERT INTO trigger_test VALUES('added female');
         ELSE
               INSERT INTO trigger_test VALUES('added other employee');
         END IF;
    END$$
DELIMITER ;
INSERT INTO employee
VALUES(111, 'Pam', 'Beesly', '1988-02-19', 'F', 69000, 106, 3);

select * from trigger_test
--------------------------------------------------------------------------

--ER Diagram Intro

